Locus,Trichoblast,Cortext,LRM,Late PPP,Protophloem,Meri. Xylem,Phloem (CC),Protoxylem,Phloem,Pericycle,Endodermis,Atrichoblast,Columella,QC,Late XPP
AT1G18570,0.02548,0.02548,0.02548,1,0.02548,0,0,0,0.02548,0,0,0,0,0,0.02548
AT1G68010,0,0.02865,0.02865,0.77065,0,0,0,0,0,0,0,0,0,0,0.36592
AT4G15330,0,0,0.02943,0.76495,0.02943,0,0,0,0.02943,0.02943,0.39719,0,0,0,0
AT2G34140,0,0,0.03155,0.7557,0.03155,0,0.03155,0,0.03155,0.03155,0,0,0.46604,0,0
AT1G13930,0,0.6667,0,0.74468,0,0,0.04282,0,0.04282,0.04282,0,0,0,0,0
AT4G11330,0.04282,0.6667,0.04282,0.74468,0,0,0,0,0,0,0,0,0,0,0
AT5G19890,0,0,0,0.74446,0,0,0,0,0,0,0,0,0,0,0.68079
AT3G18080,0,0,0.74404,0.74404,0,0.05284,0,0,0,0.05284,0.05284,0,0,0.05284,0
AT3G18080,0,0,0.74404,0.74404,0,0.05284,0,0,0,0.05284,0.05284,0,0,0.05284,0
AT3G56620,0,0,0.05284,0.74404,0.05284,0,0.05284,0,0.05284,0.74404,0.05284,0,0,0,0
AT5G50010,0,0,0.05284,0.74404,0,0.05284,0.05284,0.74404,0.05284,0.05284,0.05284,0,0,0,0
AT1G70210,0,0,0.05284,0.74404,0,0.05284,0,0,0.05284,0.74404,0.05284,0,0,0,0
AT3G11420,0.74404,0.05284,0.05284,0.74404,0,0.05284,0.05284,0,0.05284,0.05284,0,0.05284,0,0,0
AT4G37840,0,0.10392,0,0.72935,0.02574,0,0,0.02574,0,0.02574,0,0,0.07265,0,0
AT4G30350,0,0,0.0281,0.71865,0,0,0,0.0281,0,0,0.31583,0,0.07414,0,0
AT1G67090,0,0.0264,0.0264,0.71173,0,0,0,0,0,0,0,0,0.16346,0,0.151
AT5G24780,0,0.17735,0.02652,0.70526,0,0,0.02652,0,0,0,0,0,0,0,0.14993
AT1G10970,0,0.17697,0.02655,0.70343,0,0,0.02655,0,0.02655,0.02655,0,0.15346,0,0,0
AT3G20710,0,0,0.03336,0.70304,0,0.47981,0,0,0.03336,0,0.03336,0.07521,0,0,0
AT1G12900,0,0,0.0325,0.70189,0,0,0,0,0,0.0325,0,0,0,0,0.45847
AT2G35940,0,0.17616,0.02661,0.69958,0.16121,0,0.02661,0,0.02661,0.02661,0,0,0,0,0.02661
AT4G39180,0,0,0.36349,0.6975,0.02947,0,0,0,0,0,0,0,0,0,0.0902
AT1G72360,0,0,0,0.69357,0,0,0,0,0,0.03252,0.08761,0,0,0,0.45319
AT3G25820,0,0.05294,0.69226,0.69226,0,0,0.05294,0,0,0,0.10621,0,0,0,0
AT3G25820,0,0.05294,0.69226,0.69226,0,0,0.05294,0,0,0,0.10621,0,0,0,0
AT5G14880,0,0,0.05294,0.69226,0.05294,0,0.05294,0.05294,0.05294,0.69226,0.10621,0,0,0,0
AT1G24530,0,0,0.05294,0.69226,0.05294,0,0.05294,0.69226,0.05294,0.05294,0.10621,0,0,0,0
AT5G09760,0,0,0.05294,0.69226,0,0,0.05294,0,0,0.69226,0.10621,0,0,0,0
AT1G16880,0,0.47057,0.03339,0.68916,0,0,0.03339,0.03339,0,0.03339,0,0,0,0,0.09301
AT1G09415,0,0,0.68913,0.68913,0,0,0.05296,0,0,0.05296,0,0,0,0,0.11079
AT4G18880,0,0,0.65076,0.65076,0,0,0.05299,0,0,0.05299,0.1028,0,0.09284,0,0
AT1G28570,0,0,0.64367,0.64367,0.05376,0,0.05376,0,0.20124,0.05376,0,0,0,0,0.05376
AT5G28080,0,0,0.63926,0.63926,0.05395,0,0.05395,0,0.05395,0,0,0,0,0,0.21358
AT1G78320,0,0,0,0.05342,0.1737,0,0.65482,0,0.65482,0,0,0,0,0,0
AT1G33080,0,0,0,0.05342,0.1737,0,0.65482,0,0.65482,0,0,0,0,0,0
AT2G38640,0,0.05342,0,0.05342,0.1737,0,0.65482,0,0.65482,0.05342,0,0,0,0,0
AT5G63850,0,0,0,0.05342,0.1737,0,0.65482,0,0.65482,0,0,0,0,0,0.05342
AT5G06080,0.05331,0,0.65945,0.05331,0,0,0,0,0,0.65945,0.05331,0,0,0,0.16352
AT3G13510,0,0,0.68913,0.05296,0,0,0,0,0,0.05296,0,0,0,0.68913,0.11079
AT4G00880,0,0,0,0.05284,0,0,0.74404,0,0.74404,0,0,0,0,0,0
AT3G23630,0.05284,0,0,0.05284,0.05284,0,0.74404,0,0.74404,0,0,0,0,0,0
AT5G45800,0,0,0.74439,0.04464,0,0,0,0,0,0,0.68608,0,0,0,0
AT1G74710,0,0.6667,0,0.04282,0,0,0.74468,0,0.04282,0,0,0,0,0,0.04282
AT5G49660,0,0,0,0.03657,0.15957,0,0.65158,0,0.49782,0,0,0,0,0,0.03657
AT1G12140,0.03657,0,0,0.03657,0.15957,0,0.65158,0,0.49782,0.03657,0,0,0.03657,0,0
AT1G23560,0.03648,0.03648,0,0.03648,0.03648,0,0.65636,0,0.50139,0,0,0,0,0,0.14918
AT1G19720,0,0,0,0.03619,0,0,0.68764,0,0.52478,0,0,0,0,0,0.09542
AT5G56600,0,0,0,0.03615,0,0,0.74782,0,0.5699,0,0,0,0,0,0
AT1G59730,0,0,0,0.03615,0.03615,0,0.74782,0,0.5699,0,0,0,0,0,0
AT1G07260,0,0,0.68916,0.03339,0,0,0,0,0,0.03339,0.47057,0,0,0,0.09301
AT1G51170,0,0,0,0.03335,0.75148,0.5121,0,0.03335,0.03335,0.03335,0,0,0,0,0
AT4G01430,0,0,0.03249,0.03249,0,0,0,0,0,0.75324,0,0,0,0,0.49115
AT1G60470,0,0,0,0.03249,0,0,0,0,0,0.75324,0,0,0,0,0.49115
AT3G58990,0,0,0,0.03249,0,0,0,0,0,0.75324,0,0,0,0,0.49115
AT3G49620,0,0,0.03169,0.03169,0.41729,0,0.67435,0,0.03169,0,0,0,0.11738,0,0
AT4G04620,0,0,0.03155,0.03155,0.46604,0,0.03155,0,0.7557,0.03155,0,0,0.03155,0,0
AT5G57815,0.02984,0.02984,0.02984,0.02984,0.15564,0,0.65885,0,0.34435,0.02984,0,0,0.02984,0,0
AT5G21110,0,0,0.02984,0.02984,0.15564,0,0.65885,0,0.34435,0.02984,0,0,0,0,0.02984
AT2G35980,0.39719,0,0.02943,0.02943,0,0,0,0,0,0.76495,0,0,0,0,0
AT2G15790,0,0,0,0.02943,0,0.39719,0,0,0,0.76495,0,0,0,0,0
AT3G46590,0,0,0,0.02885,0,0,0,0.02885,0,0,0,0,0.37426,0.76903,0
AT1G30040,0,0,0.67274,0.0282,0.28602,0,0,0,0,0.0282,0.0282,0,0,0,0.14539
AT5G20030,0,0,0,0.02786,0.32835,0,0,0,0.77908,0,0,0,0,0,0
AT3G29670,0,0,0.67204,0.02784,0.15668,0,0,0,0,0,0.02784,0,0,0,0.2621
AT3G63110,0,0,0,0.02671,0.02671,0,0.69813,0,0.19456,0,0,0,0,0,0.14878
AT1G62280,0.02651,0,0.02651,0.02651,0,0.02651,0,0,0,0.80814,0,0,0,0,0.23968
AT5G41620,0,0,0.02646,0.02646,0,0,0,0,0,0,0,0,0.23539,0.80995,0
AT1G15080,0,0,0.02634,0.02634,0.81522,0,0.02634,0,0.22356,0.02634,0,0,0,0,0
AT2G42280,0,0.18124,0,0.02633,0,0,0.72343,0,0.02633,0,0,0,0.11928,0,0.02633
AT1G18100,0,0.1896,0,0.02617,0,0,0,0,0,0.7616,0,0,0,0,0
AT4G32800,0,0,0.6819,0.02613,0.15729,0.02613,0,0,0,0.02613,0,0,0,0,0
AT4G29770,0,0,0,0.02588,0,0.02588,0,0.02588,0,0.77909,0.15142,0,0,0,0
AT2G17040,0,0,0,0.02584,0,0.16296,0,0,0,0.02584,0,0,0,0,0.84856
AT5G05400,0.91739,0,0,0.02553,0,0,0.02553,0,0,0,0,0.08127,0,0,0
AT5G53370,0,1,0,0.02548,0,0,0.02548,0,0.02548,0.02548,0,0,0,0,0
AT1G14730,0,0,0,0.02548,1,0,0,0,0.02548,0,0,0,0,0,0
AT5G57130,0,0,0.02548,0.02548,1,0,0.02548,0,0.02548,0.02548,0,0,0,0,0
AT4G28250,0,0,0.02548,0.02548,0,0.02548,0.02548,0,0,1,0,0,0,0,0
AT3G24310,0,0,0.02548,0.02548,0,0,0.02548,0,0,1,0,0,0,0,0.02548
AT1G74430,0,0,0,0.02548,0,0.02548,0.02548,0,0,1,0,0,0,0.02548,0
AT1G60690,0,0,0,0.02548,0,0,0,0,0,0,1,0,0,0,0
AT5G27350,0.01617,0.89069,0.01617,0.01617,0,0,0,0.01617,0,0,0,0,0,0,0
AT1G29950,0,0,0.01332,0.01332,0,0.83555,0,0.01332,0,0.01332,0,0,0,0,0.01332
AT5G66670,0.01265,0,0,0.01265,0,0,0,0,0,0,0,0,0,0,0.7431
AT1G69240,1,0,0,0,0,0,0,0,0,0,0,0,0,0,0
AT1G48930,1,0,0,0,0,0,0,0,0,0,0,0.02548,0,0,0
AT4G04930,1,0,0,0,0,0,0,0.02548,0,0,0,0,0,0,0.02548
AT4G04760,1,0,0,0,0,0,0,0.02548,0,0,0,0.02548,0,0,0
AT3G09330,1,0.02548,0,0,0,0,0,0,0,0,0,0.02548,0,0.02548,0
AT1G03550,1,0,0,0,0,0,0,0.02548,0,0,0,0.02548,0.02548,0.02548,0
AT1G33090,1,0.02548,0,0,0,0,0,0,0,0,0,0.02548,0,0,0
AT3G51410,1,0.02548,0,0,0,0.02548,0,0,0,0,0,0.02548,0,0,0
AT1G45545,1,0.02548,0,0,0,0,0,0,0.02548,0,0.02548,0.02548,0,0,0
AT2G46380,1,0.02548,0,0,0,0,0,0.02548,0,0,0,0.02548,0,0,0
AT3G60630,1,0.02548,0,0,0.02548,0.02548,0,0.02548,0.02548,0,0,0,0,0,0
AT5G65160,0.91739,0,0,0,0,0,0,0,0,0,0,0.08127,0,0,0
AT5G62310,0.91739,0,0,0,0,0,0,0,0,0,0,0.08127,0,0.02553,0
AT4G07960,0.91739,0,0,0,0,0,0,0,0,0,0,0.08127,0,0.02553,0
AT2G44370,0.91739,0,0,0,0,0,0,0,0,0,0,0.08127,0,0,0.02553
AT5G07450,0.91739,0.02553,0,0,0,0,0.02553,0,0.02553,0,0.02553,0.08127,0,0,0
AT4G25160,0.91739,0,0,0,0,0,0,0,0,0,0,0.08127,0,0.02553,0.02553
AT1G13950,0.91739,0.02553,0,0,0,0,0,0,0,0,0,0.08127,0,0,0
AT2G03220,0.91739,0.02553,0,0,0.02553,0,0,0,0.02553,0,0,0.08127,0,0,0
AT3G14850,0.02548,1,0,0,0,0,0,0,0,0,0,0,0,0,0
AT5G03570,0,1,0.02548,0,0,0,0,0,0,0,0,0,0,0,0
AT2G32540,0,1,0,0,0,0,0,0,0,0,0,0,0,0,0
AT1G62510,0,1,0,0,0,0,0,0,0,0,0,0,0,0,0
AT1G05570,0.02548,1,0,0,0,0,0.02548,0.02548,0.02548,0,0,0,0,0,0.02548
AT1G15460,0.02548,1,0,0,0,0,0,0,0,0,0,0,0,0,0
AT5G44130,0,1,0,0,0,0,0,0,0,0,0,0,0,0,0
AT5G55250,0,1,0.02548,0,0,0,0,0,0,0,0.02548,0,0,0,0
AT3G12700,0,1,0,0,0,0,0,0,0,0,0.02548,0,0,0,0.02548
AT5G48000,0,0.91739,0,0,0,0,0.02553,0,0,0,0,0.08127,0,0.02553,0
AT1G64380,0,0.91739,0,0,0,0,0,0,0,0,0,0,0,0,0
AT3G21670,0,0.89986,0,0,0,0,0,0,0,0,0,0,0,0,0
AT3G26300,0,0.89408,0,0,0,0,0,0,0,0,0,0,0,0,0
AT4G00700,0.02558,0.89408,0,0,0,0,0,0,0,0,0,0,0,0,0
AT1G30380,0,0.89408,0,0,0,0,0,0,0,0,0,0,0,0,0
AT1G52410,0,0.89408,0,0,0,0,0,0,0,0.02558,0,0,0,0,0
AT5G64620,0,0.89069,0,0,0,0,0,0,0.01617,0,0,0,0,0,0
AT2G13810,0,0.89069,0,0,0,0,0,0.01617,0,0,0,0,0,0,0
AT3G56080,0,0.89069,0,0,0,0,0,0,0,0.01617,0.01617,0,0,0,0
AT5G65510,0,0,0.89986,0,0,0,0,0,0,0.02557,0.09842,0,0,0.02557,0
AT5G02540,0,0,0.79235,0,0,0,0,0.28216,0,0.02707,0.02707,0,0,0,0
AT1G05580,0,0,0.78586,0,0,0,0,0,0,0.02741,0,0,0,0.02741,0.30321
AT2G28950,0,0,0.75148,0,0,0,0,0.5121,0,0,0,0,0,0.03335,0.03335
AT5G25475,0,0,0.74557,0,0.03976,0.62794,0,0,0,0,0.03976,0,0,0.03976,0
AT2G02850,0,0,0.73464,0,0,0,0,0.02656,0,0,0.08557,0,0,0,0.21968
AT1G08430,0,0,0.70151,0,0,0,0,0,0,0.03532,0,0,0,0,0.51983
AT2G18120,0,0,0.70151,0,0,0,0,0,0,0,0,0,0,0,0.51983
AT5G66700,0,0,0.69357,0,0,0,0,0,0,0,0,0,0,0,0.45319
AT2G15090,0,0,0.66824,0,0,0,0,0,0,0.02625,0.13324,0,0,0,0.14297
AT3G21090,0,0,0.66388,0,0,0,0,0,0,0,0.34681,0,0,0,0
AT2G16780,0,0,0.65566,0,0,0.44834,0,0,0,0.0337,0,0.15031,0,0.0337,0
AT3G53190,0,0,0.65482,0,0.1737,0.65482,0,0,0,0,0,0,0,0.05342,0
AT5G52760,0,0,0.65176,0,0,0,0,0,0,0,0,0,0,0,0.54044
AT4G28950,0,0,0.64079,0,0,0,0,0,0,0.23312,0.02929,0,0,0.27389,0
AT5G62940,0,0,0,0,1,0,0,0,0,0,0,0,0,0,0
AT5G40260,0,0,0,0,1,0,0.02548,0,0.02548,0,0,0,0,0,0
AT5G01370,0,0,0.02548,0,1,0,0.02548,0,0.02548,0,0,0,0,0,0
AT3G01680,0,0,0,0,0.81522,0,0,0,0.22356,0,0,0,0,0,0
AT4G13600,0,0,0,0,0.81522,0,0,0,0.22356,0,0,0,0,0,0
AT5G67460,0,0,0,0,0.81522,0,0,0,0.22356,0,0,0,0,0,0
AT5G22870,0,0,0,0,0.80237,0,0,0,0.01187,0,0,0,0,0,0
AT1G60030,0,0,0,0,0.76495,0,0,0.02943,0.39719,0,0,0,0,0,0
AT3G45610,0,0,0,0,0.76495,0,0.02943,0,0.39719,0,0,0,0,0,0
AT3G17730,0,0,0,0,0.76495,0,0.02943,0,0.39719,0,0,0,0,0,0
AT1G54330,0,0,0,0,0.76495,0,0,0,0.39719,0,0,0,0,0,0
AT4G36620,0,0,0,0,0.76495,0.02943,0,0,0.39719,0,0,0,0,0,0
AT4G17910,0,0,0,0,0.76495,0,0,0,0.39719,0,0,0,0,0,0
AT5G43870,0,0,0,0,0.76495,0.39719,0,0,0.02943,0,0,0,0,0,0
AT4G03270,0,0.10671,0,0,0.75263,0.14708,0,0,0.02597,0,0,0,0,0,0
AT2G21030,0,0,0,0,0.74782,0,0,0,0.5699,0,0,0,0,0,0
AT1G65910,0,0,0,0,0.74782,0,0,0,0.5699,0,0,0,0,0,0
AT5G25490,0,0,0,0,0.74782,0,0,0,0.5699,0,0,0,0,0,0
AT2G41300,0,0,0,0,0.74782,0,0,0,0.5699,0,0,0,0,0,0
AT2G45900,0,0,0,0,0.74782,0,0,0,0.5699,0,0,0,0,0,0
AT1G80100,0,0,0.02548,0,0.02548,1,0,0,0,0,0,0,0,0,0
AT4G37650,0,0,0.02553,0,0.02553,0.91739,0,0.02553,0,0.02553,0,0,0,0,0
AT1G74420,0,0,0,0,0.02558,0.89408,0,0.02558,0,0,0,0,0,0,0
AT4G02750,0,0,0.01332,0,0,0.83555,0.01332,0,0,0,0.01332,0,0,0,0
AT4G12620,0,0,0.01332,0,0,0.83555,0,0,0,0,0,0.01332,0,0.01332,0
AT5G08260,0,0,0.02601,0,0.18754,0.83362,0,0.02601,0,0,0,0,0,0,0
AT1G74150,0,0,0,0,0.18754,0.83362,0,0,0,0,0,0,0,0,0
AT5G63140,0,0.20365,0.02615,0,0.02615,0.82491,0,0,0,0.02615,0.02615,0,0,0,0
AT2G37890,0,0,0.02686,0,0,0.79732,0.02686,0,0,0,0,0.26763,0,0,0
AT3G56270,0,0,0,0,0.02707,0.79235,0,0.28216,0,0,0,0,0,0.02707,0
AT2G46570,0,0,0,0,0,0.79235,0,0.28216,0,0,0,0,0,0,0
AT3G42800,0,0,0,0,0.32835,0.77908,0,0.02786,0,0,0,0,0,0,0
AT3G19300,0,0,0,0,0.32835,0.77908,0,0,0,0,0,0,0,0,0
AT3G13570,0,0,0.02839,0,0,0.77308,0,0,0,0,0,0.35419,0,0.02839,0
AT4G27380,0,0,0.02839,0,0,0.77308,0.02839,0,0,0,0,0.35419,0,0,0
AT2G25060,0,0,0.02604,0,0.17465,0.76909,0.02604,0,0,0.02604,0,0.07248,0,0,0
AT5G10390,0,0,0.02943,0,0,0.76495,0.02943,0,0,0,0,0.39719,0,0,0
AT3G13230,0,0,0.03068,0,0,0.75871,0.03068,0,0,0,0,0.4402,0,0,0
AT3G22790,0,0,0,0,0.01334,0.75769,0,0.01334,0,0,0,0.06916,0,0,0
AT3G14730,0,0,0,0,0,0.75769,0,0,0,0,0.01334,0.06916,0,0,0
AT3G10080,0,0,0,0,0,0.74404,0,0.74404,0,0,0,0,0,0,0
AT2G28410,0,0,0,0,0,0.74404,0,0.74404,0,0,0,0,0,0,0
AT4G08685,0,0,0,0,0,0.74404,0,0.74404,0,0,0,0,0,0,0
AT1G79520,0,0,0.02634,0,0,0,0.81522,0,0.22356,0.02634,0,0,0.02634,0,0
AT4G15690,0,0,0,0,0,0,0.77065,0,0,0,0,0,0,0,0.36592
AT1G73630,0,0,0,0,0.03615,0,0.74782,0,0.5699,0,0,0,0,0,0
AT4G14020,0,0,0,0,0.03615,0,0.74782,0,0.5699,0,0,0,0,0,0
AT3G19550,0,0,0,0,0,0,0.74782,0,0.5699,0,0,0,0,0,0
AT4G01895,0.0268,0,0,0,0.15995,0,0.69256,0.0268,0.19324,0,0.0268,0,0,0,0
AT5G48485,0,0,0,0,0,0,0.68764,0,0.52478,0,0,0,0,0.03619,0.09542
AT5G03840,0,0,0,0,0.1737,0,0.65482,0,0.65482,0,0,0,0,0,0
AT3G15353,0,0,0,0,0.15957,0,0.65158,0,0.49782,0,0,0,0,0,0.03657
AT1G24575,0,0,0,0,0,0,0.64367,0,0.20124,0,0,0,0,0,0.64367
AT5G62380,0,0,0,0,0,0,0,1,0,0,0,0,0,0,0
AT1G68600,0,0,0,0,0,0,0,1,0,0,0,0,0,0,0
AT5G46115,0,0,0,0,0,0,0,1,0,0,0,0,0,0,0
AT5G08480,0,0,0,0,0,0,0,1,0,0,0,0,0,0,0
AT1G66810,0,0,0,0,0,0.02548,0,1,0,0,0,0,0,0,0
AT1G51640,0,0,0,0,0,0,0,1,0,0,0,0,0,0,0
AT1G73410,0,0,0,0,0,0,0,1,0,0,0,0,0,0,0
AT1G63910,0,0,0,0,0,0,0,1,0,0,0,0,0,0,0
AT3G26125,0,0,0,0,0,0,0,1,0,0,0,0,0,0,0
AT5G09480,0,0,0,0,0,0,0,1,0,0,0,0,0,0,0
AT5G01730,0,0,0,0,0,0,0,1,0,0,0,0,0,0,0
AT3G52900,0,0,0,0,0,0,0,1,0,0,0,0,0,0,0
AT1G09610,0,0,0,0,0,0,0,1,0,0,0,0,0,0,0
AT5G11540,0,0,0,0,0,0,0,1,0,0,0,0,0,0,0
AT3G15050,0,0,0,0,0,0,0,1,0,0,0,0,0,0,0
AT4G36540,0,0,0,0,0,0,0,1,0,0,0,0,0,0,0
AT1G59850,0,0,0,0,0,0,0,1,0,0,0,0,0,0,0
AT5G38610,0,0,0,0,0,0,0,1,0,0,0,0,0,0,0
AT5G43070,0,0,0,0,0,0,0,1,0,0,0,0,0,0,0
AT1G62400,0,0,0,0,0.46604,0,0,0,0.7557,0,0,0,0,0,0
AT4G03500,0.03155,0,0,0,0.46604,0,0,0,0.7557,0,0,0,0,0,0
AT4G16640,0,0,0,0,0.46604,0,0,0,0.7557,0,0,0,0,0,0
AT1G69970,0,0,0,0,0.46604,0,0,0,0.7557,0,0,0,0,0,0
AT5G53030,0,0,0,0,0.46604,0,0,0,0.7557,0,0,0,0,0,0
AT1G11570,0,0,0,0,0.46604,0,0,0,0.7557,0,0,0,0,0,0
AT5G04680,0,0,0,0,0.46604,0,0,0,0.7557,0,0,0,0,0,0
AT1G31200,0,0,0,0,0.46604,0,0,0,0.7557,0,0,0,0,0,0
AT3G47180,0,0,0,0,0.46604,0,0,0,0.7557,0,0,0,0,0,0
AT1G60350,0,0,0,0,0.46604,0,0,0,0.7557,0,0,0,0,0,0
AT5G16610,0,0,0,0,0.46604,0,0,0,0.7557,0,0,0,0,0,0
AT2G41200,0,0,0,0,0.46604,0,0,0,0.7557,0,0,0,0,0,0
AT5G01480,0,0,0,0,0.46604,0,0,0,0.7557,0,0,0,0,0,0
AT4G16400,0,0,0,0,0.46604,0,0,0,0.7557,0,0,0,0,0,0
AT1G69580,0,0,0,0,0.46604,0.03155,0.03155,0.03155,0.7557,0,0.03155,0,0,0,0
AT5G38770,0,0,0,0,0.6047,0,0,0,0.74633,0,0,0,0,0,0
AT1G02950,0,0,0,0,0.6047,0,0,0,0.74633,0,0,0,0,0,0
AT4G00890,0,0,0,0,0.6047,0,0,0,0.74633,0,0,0,0,0,0
AT5G61260,0,0,0,0,0.6047,0,0,0,0.74633,0,0,0,0,0,0
AT3G20450,0,0,0,0,0.6047,0,0,0,0.74633,0,0,0,0,0,0
AT5G48690,0,0,0,0,0.6047,0,0,0,0.74633,0,0,0,0,0,0
AT3G25855,0,0,0,0,0.6047,0,0,0,0.74633,0,0,0,0,0,0
AT1G05770,0,0,0,0,0.6047,0,0,0,0.74633,0,0,0,0,0,0
AT4G12580,0,0,0,0,0.6047,0,0,0,0.74633,0,0,0,0,0,0
AT3G47320,0,0,0,0,0,0,0,0,0,1,0,0,0,0.02548,0
AT5G25920,0,0,0,0,0.02558,0.02558,0,0,0,0.89408,0,0,0,0,0.10454
AT3G28007,0.02571,0.11117,0,0,0.02571,0,0,0.02571,0,0.79489,0.08981,0,0,0,0
AT2G28780,0,0,0,0,0,0,0,0,0,0.78586,0,0,0,0,0.30321
AT4G29200,0,0,0,0,0,0.39719,0,0,0,0.76495,0,0,0,0,0
AT5G34920,0,0,0,0,0,0.39719,0,0,0,0.76495,0,0,0,0,0
AT5G10140,0,0,0,0,0,0.39719,0,0,0,0.76495,0,0,0,0,0
AT1G73220,0,0,0,0,0,0,0,0,0,0.75324,0,0,0,0,0.49115
AT1G68880,0,0,0,0,0,0,0,0,0,0.74866,0,0,0,0,0.55412
AT1G11330,0,0,0.03532,0,0,0,0,0,0,0.74866,0,0,0,0,0.55412
AT1G63750,0.03532,0,0,0,0,0,0,0,0,0.74866,0,0,0,0,0.55412
AT4G13770,0,0,0,0,0,0,0,0,0,0.74866,0,0,0,0,0.55412
AT1G35230,0,0,0,0,0,0,0,0,0,0.74843,0,0,0.55832,0,0
AT2G21100,0,0,0,0,0,0,0,0,0,0,1,0,0,0,0
AT3G11550,0,0,0,0,0,0,0,0,0,0,1,0,0,0,0
AT1G07730,0,0,0,0,0,0,0,0,0,0,1,0,0,0,0
AT4G17215,0,0,0,0,0,0,0,0,0,0,1,0,0,0,0
AT5G06200,0,0,0,0,0,0,0,0,0,0,1,0,0,0,0
AT1G61590,0,0,0,0,0,0,0,0,0,0,1,0,0,0,0
AT2G27370,0,0,0,0,0,0,0,0,0,0,1,0,0,0,0
AT4G02090,0,0,0,0,0,0,0,0,0,0,1,0,0,0,0
AT2G48130,0,0,0,0,0,0,0,0,0,0,1,0,0,0,0
AT5G42180,0,0,0,0,0,0,0,0,0,0,1,0,0,0,0
AT1G71740,0,0,0,0,0,0,0,0,0,0,1,0,0,0,0
AT1G30750,0,0,0,0,0,0,0,0,0,0,1,0,0,0,0
AT2G39430,0,0,0,0,0,0,0,0,0,0,1,0,0,0,0
AT2G40160,0,0,0,0,0,0,0,0,0,0,1,0,0,0,0
AT5G66390,0,0,0,0,0,0,0,0,0,0,1,0,0,0,0
AT2G30210,0,0,0,0,0,0,0,0,0,0,1,0,0,0,0
AT3G22620,0,0,0,0,0,0,0,0,0,0,1,0,0,0.02548,0
AT2G44480,0,0,0,0,0,0,0,0,0,0,0.91815,0,0,0,0
AT2G15300,0,0,0,0,0,0,0,0,0,0,0.91815,0,0,0,0
AT4G36250,0,0,0.0154,0,0,0,0,0,0,0,0,0.87692,0,0,0
AT5G16560,0,0,0,0,0,0,0,0,0,0,0,0.85417,0,0,0
AT4G00730,0,0,0,0,0,0,0.01239,0,0,0,0,0.81482,0,0,0
AT1G33750,0,0,0,0,0,0,0,0,0,0,0,0.74426,0.6977,0,0
AT5G66800,0,0.01243,0,0,0,0,0,0,0,0,0,0.72198,0,0,0
AT4G37160,0,0,0,0,0,0,0,0,0,0,0,0.70752,0.46186,0,0
AT1G13730,0,0,0,0,0,0.50852,0,0,0,0,0,0.70418,0,0,0
AT4G00400,0,0,0,0,0,0,0,0,0,0,0.56716,0.70153,0,0,0
AT1G68560,0,0,0,0,0,0,0.00795,0,0,0,0,0.68998,0,0,0
AT1G10990,0,0,0,0,0,0,0,0,0,0,0,0.67371,0,0,0.67371
AT1G31950,0,0.09758,0,0,0,0,0,0,0,0,0,0.66872,0,0,0
AT5G58784,0,0,0,0,0,0,0,0,0,0,0,0.6658,0,0,0
AT4G25250,0.01293,0.18959,0,0,0,0,0,0,0,0,0,0.65885,0,0,0
AT4G30610,0.74486,0,0,0,0,0,0,0,0,0,0,0.657,0,0,0
AT1G77200,0,0,0,0,0,0,0,0,0,0,0,0.63417,0.2683,0,0
AT1G79840,0,0,0,0,0,0,0,0,0,0,0,0.63373,0,0,0
AT5G66460,0,0,0,0,0,0,0,0,0,0,0,0.63101,0.63101,0,0
AT2G23630,0,0,0,0,0,0,0,0,0,0,0,0.62497,0.31504,0,0
AT1G65730,0,0,0,0,0,0,0,0,0,0,0,0.62146,0.36383,0,0
AT5G19750,0,0.01021,0.01021,0,0,0.146,0,0,0,0,0,0.62124,0,0.01021,0
AT2G43600,0,0,0,0,0,0,0,0,0,0,0,0.61413,0.06674,0,0
AT2G24300,0.02446,0.37251,0,0,0,0,0,0,0,0,0,0.61179,0,0,0
AT4G00360,0,0,0,0,0,0,0,0,0,0,0,0.61041,0,0,0.20155
AT2G16230,0,0.09211,0,0,0,0,0.24261,0,0,0,0,0.60946,0,0,0
AT1G12740,0.32956,0,0,0,0,0,0,0,0,0,0,0.60926,0.57196,0,0
AT4G23590,0,0,0,0,0,0,0,0,0,0,0,0.60913,0.60013,0,0
AT2G43480,0,0,0,0,0,0,0,0,0,0,0,0.60363,0.60363,0.38593,0
AT1G48330,0.0421,0,0,0,0,0,0,0,0,0,0,0.59983,0.6795,0,0
AT5G40330,0,0.15137,0,0,0,0,0,0,0,0,0,0.58501,0,0,0
AT5G45920,0,0,0,0,0,0,0,0,0,0.24615,0,0.58023,0,0,0
AT4G09960,0,0,0,0,0,0,0,0,0,0,0,0,1,0,0
AT1G69830,0,0,0,0,0,0,0,0,0,0,0,0,1,0,0
AT3G10320,0,0,0,0,0,0,0,0,0,0,0,0,0.9346,0,0
AT2G33230,0,0,0,0,0,0,0,0,0,0,0,0,0.9346,0,0
AT4G18350,0,0,0,0,0,0,0,0,0,0,0,0,0.9346,0,0
AT3G10600,0,0,0,0,0,0,0,0,0,0,0,0,0.9346,0,0
AT4G18450,0,0,0,0,0,0,0,0,0,0,0,0,0.9346,0,0
AT3G52180,0,0,0,0,0,0,0,0,0,0,0,0,0.9346,0.01898,0
AT5G22550,0.01898,0,0,0,0,0,0,0,0,0,0,0.01898,0.9346,0,0
AT3G46970,0,0,0,0,0,0,0,0,0,0,0,0,0.91739,0.02553,0
AT4G11470,0,0,0,0,0,0,0,0,0,0,0,0,0.87119,0,0
AT1G65620,0,0,0,0,0,0,0,0,0,0,0,0,0.85378,0,0
AT4G13210,0,0,0,0,0,0,0,0,0,0,0,0,0.85378,0,0
AT1G22400,0,0,0,0,0,0,0,0,0,0,0,0.07491,0.85378,0.01901,0
AT4G23920,0,0,0,0,0,0,0,0,0,0,0,0,0.83894,0,0
AT1G26680,0,0,0,0,0,0,0,0,0,0,0,0,0.80237,0,0
AT4G00490,0,0,0,0,0,0,0,0,0,0,0,0,0.80237,0,0
AT4G00750,0,0,0,0,0,0,0,0,0,0,0,0,0.80237,0,0
AT1G72490,0,0,0,0,0,0,0,0,0,0,0,0,0.80237,0.01187,0
AT3G55180,0,0,0,0,0,0,0,0,0,0,0,0,0.80237,0,0
AT3G18230,0,0,0,0,0,0,0,0,0,0,0,0,0.80237,0.01187,0
AT3G28540,0,0,0,0,0,0,0,0,0,0,0,0,0.80237,0,0
AT3G26120,0,0,0,0,0,0,0,0,0,0,0,0,0,1,0
AT1G68640,0,0,0,0,0,0,0,0,0,0,0.02548,0,0.02548,1,0
AT5G23780,0,0,0,0,0,0,0,0.02548,0,0,0.02548,0,0.02548,1,0
AT5G17430,0,0,0.02557,0,0,0.02557,0,0,0,0,0.09842,0,0,0.89986,0
AT2G03830,0,0,0,0,0,0,0,0,0,0,0,0,0.18754,0.83362,0
AT2G23050,0,0,0,0,0,0,0,0,0,0,0.02601,0,0.18754,0.83362,0
AT5G60210,0,0,0.02634,0,0,0,0,0,0,0,0.22356,0,0,0.81522,0
AT1G30530,0,0,0.01187,0,0,0,0,0,0,0,0,0,0,0.80237,0.01187
AT5G45780,0,0,0,0,0,0.02572,0,0,0,0,0,0.12235,0.07726,0.79876,0
AT5G25900,0,0,0.02572,0,0,0.02572,0,0.02572,0.02572,0,0,0.12235,0.07726,0.79876,0
AT3G20880,0,0,0,0,0,0,0,0,0,0,0,0,0.28216,0.79235,0
AT1G23000,0,0,0,0,0,0.02943,0,0,0,0,0.39719,0,0,0.76495,0
AT2G26440,0,0,0,0,0,0,0,0,0,0,0.03249,0,0,0.75324,0.49115
AT3G55550,0,0,0,0,0,0,0,0,0,0,0,0,0.55832,0.74843,0
AT2G21590,0,0,0,0,0,0,0,0,0,0,0,0,0.55832,0.74843,0
AT4G24710,0,0,0,0,0,0,0,0,0,0,0,0,0.55832,0.74843,0
AT1G53860,0,0,0,0,0,0,0,0,0,0,0,0,0.55832,0.74843,0
AT3G20840,0,0,0,0,0,0,0,0,0,0,0,0,0.6047,0.74633,0
AT5G02070,0,0,0,0,0,0,0,0,0,0,0,0,0.6047,0.74633,0
AT1G32900,0,0,0,0,0,0,0,0,0,0,0,0,0.6047,0.74633,0
AT2G28900,0,0,0.0382,0,0,0,0.0382,0,0,0,0,0,0.6047,0.74633,0
AT5G57420,0,0,0,0,0,0,0,0,0,0,0,0,0.6047,0.74633,0
AT4G18250,0,0,0,0,0,0,0,0,0,0,0,0,0,0,1
AT3G61400,0.01737,0,0,0,0,0,0,0,0,0,0,0,0,0,0.91067
AT1G29910,0,0,0,0,0,0,0,0,0,0,0,0,0.13778,0,0.86625
AT2G34390,0,0,0,0,0,0,0,0,0,0,0,0,0,0,0.82699
AT5G52710,0,0,0,0,0,0,0,0,0,0,0,0,0,0,0.82048
AT1G67860,0,0,0,0,0,0,0,0,0,0,0,0,0,0,0.82048
AT5G13320,0,0,0,0,0,0,0,0,0,0,0,0,0,0,0.82048
AT5G52690,0,0,0,0,0,0,0,0,0,0,0,0,0,0,0.82048
AT3G60160,0,0,0,0,0,0,0,0,0,0,0,0,0,0,0.82048
AT5G52670,0,0,0,0,0,0,0,0,0,0,0.28216,0,0,0,0.79235
AT1G73600,0,0,0,0,0,0,0,0,0,0.28216,0,0,0,0,0.79235
AT5G23010,0,0,0,0,0.32835,0,0,0,0,0,0,0,0,0,0.77908
AT1G19960,0,0,0,0,0,0,0,0,0,0,0,0,0,0,0.76624
AT4G01390,0,0,0,0,0,0,0,0,0,0,0,0,0,0,0.76596
AT1G02220,0,0,0,0,0,0,0,0.5121,0,0,0,0,0,0,0.75148
AT3G19710,0,0,0,0,0,0,0,0,0,0.74404,0,0,0,0,0.74404
AT1G16410,0,0,0,0,0,0,0,0,0,0.74404,0,0,0,0,0.74404
AT4G38970,0,0,0,0,0,0,0,0,0,0,0,0,0,0,0.73974
AT3G28510,0,0,0,0,0,0,0,0,0,0,0,0,0,0,0.72978
AT3G05690,0,0,0,0,0,0,0,0,0,0,0,0,0,0,0.72978
AT5G44400,0,0,0,0,0,0,0,0,0,0,0,0,0,0,0.72978
AT3G47480,0,0,0,0,0,0,0,0,0,0,0,0,0,0,0.72978
AT1G21270,0,0,0,0,0,0,0,0,0,0,0,0,0,0,0.72978
